{
  "experiment": "Ca/Si Ratio Effect Analysis",
  "parameters": {
    "ca_si_ratios": [
      1.5,
      2.0,
      2.5,
      3.0
    ],
    "n_si": 4,
    "n_water": 8,
    "md_steps": 10000
  },
  "results": [
    {
      "ca_si_ratio": 1.5,
      "n_ca": 6,
      "n_si": 4,
      "n_o": 14,
      "n_atoms_initial": 24,
      "n_atoms_hydrated": 48,
      "n_water": 8,
      "opt_energy": -155.11373901367188,
      "e_per_atom": -6.463072299957275,
      "initial_energy": -263.215576171875,
      "final_energy": -286.19305419921875,
      "delta_e": -22.97747802734375,
      "n_steps": 10000,
      "temperature": 300,
      "success": true
    },
    {
      "ca_si_ratio": 2.0,
      "n_ca": 8,
      "n_si": 4,
      "n_o": 16,
      "n_atoms_initial": 28,
      "n_atoms_hydrated": 52,
      "n_water": 8,
      "opt_energy": -190.78384399414062,
      "e_per_atom": -6.813708782196045,
      "initial_energy": -288.6388244628906,
      "final_energy": -328.27362060546875,
      "delta_e": -39.634796142578125,
      "n_steps": 10000,
      "temperature": 300,
      "success": true
    },
    {
      "ca_si_ratio": 2.5,
      "n_ca": 10,
      "n_si": 4,
      "n_o": 18,
      "n_atoms_initial": 32,
      "n_atoms_hydrated": 47,
      "n_water": 5,
      "opt_energy": -225.692138671875,
      "e_per_atom": -7.052879333496094,
      "initial_energy": -259.6097106933594,
      "final_energy": -305.4275207519531,
      "delta_e": -45.81781005859375,
      "n_steps": 10000,
      "temperature": 300,
      "success": true
    },
    {
      "ca_si_ratio": 3.0,
      "n_ca": 12,
      "n_si": 4,
      "n_o": 20,
      "n_atoms_initial": 36,
      "n_atoms_hydrated": 51,
      "n_water": 5,
      "opt_energy": -256.06781005859375,
      "e_per_atom": -7.11299467086792,
      "initial_energy": -291.7471923828125,
      "final_energy": -331.5269470214844,
      "delta_e": -39.779754638671875,
      "n_steps": 10000,
      "temperature": 300,
      "success": true
    }
  ]
}