Rank,Name,Source,Formula,Hydration_Score,CO2_Reduction,Final_Score,Grade
1,EAFSlag,Industrial Waste,AlCa5Fe3O16Si4,78.99100899100898,75,77.7937062937063,B
2,WasteGlass,Industrial Waste,Ca2Na2O16Si6,75.99400599400599,75,75.69580419580419,B
3,FlyAshC,Industrial Waste,Al2Ca4O16Si5,70.83060249686837,85,75.08142174780785,B
4,SteelSlag,Industrial Waste,Ca8Fe2MgO16Si3,71.72626917759975,75,72.70838842431982,B
5,CopperSlag,Industrial Waste,AlCa2Fe5O16Si4,69.9198446412901,75,71.44389124890307,B
6,structure_001,MatterGen,AlCaOSi3,53.9759332506746,90,64.78315327547222,C
7,structure_004,MatterGen,AlCa2O4Si,48.797377568517156,90,61.15816429796201,C
