{
  "Ca-O": {
    "mean": 2.4623186337263765,
    "std": 0.13093856845645946,
    "count": 57
  },
  "Si-O": {
    "mean": 1.6467633633338465,
    "std": 0.01293203952423049,
    "count": 12
  }
}