ratio,energy,energy_per_atom,volume,n_atoms
1.50,-199.426559,-7.386169,374.5046,27
2.00,-199.426559,-7.386169,374.5046,27
