{
  "Ca-O": {
    "mean": 6.333333333333333,
    "std": 0.4714045207910317,
    "distribution": {
      "6": 6,
      "7": 3
    }
  },
  "Si-O": {
    "mean": 4.0,
    "std": 0.0,
    "distribution": {
      "4": 3
    }
  }
}