{
  "n_frames": 21,
  "time_ps": 0.02,
  "statistics": {
    "mean": 2.644576124786771,
    "std": 0.04540908376290136,
    "min": 2.574738638341402,
    "max": 2.728321685208982,
    "initial": 2.5767932910722333,
    "final": 2.574738638341402,
    "change": -0.0020546527308313856
  }
}